http://data.europeana.eu/concept/base/10,http://commons.wikimedia.org/wiki/Special:FilePath/Essais_Titelblatt_(1588).png
http://data.europeana.eu/concept/base/100,http://commons.wikimedia.org/wiki/Special:FilePath/Programmed_Machines_installation_by_Maurizio_Bolognini.jpg
http://data.europeana.eu/concept/base/101,http://commons.wikimedia.org/wiki/Special:FilePath/The_Scream.jpg
http://data.europeana.eu/concept/base/102,"http://en.wikipedia.org/wiki/Special:FilePath/Gino_Severini,_1912,_Dynamic_Hieroglyphic_of_the_Bal_Tabarin,_oil_on_canvas_with_sequins,_161.6_x_156.2_cm_(63.6_x_61.5_in.),_Museum_of_Modern_Art,_New_York.jpg"
http://data.europeana.eu/concept/base/103,"http://commons.wikimedia.org/wiki/Special:FilePath/Claude_Monet,_Impression,_soleil_levant.jpg"
http://data.europeana.eu/concept/base/104,http://commons.wikimedia.org/wiki/Special:FilePath/The_Widow_(Boston_Public_Library).jpg
http://data.europeana.eu/concept/base/105,"http://commons.wikimedia.org/wiki/Special:FilePath/Kazimir_Malevich,_1915,_Black_Suprematic_Square,_oil_on_linen_canvas,_79.5_x_79.5_cm,_Tretyakov_Gallery,_Moscow.jpg"
http://data.europeana.eu/concept/base/106,http://commons.wikimedia.org/wiki/Special:FilePath/Reproduction-of-the-1805-Rembrandt-Peale-painting-of-Thomas-Jefferson-New-York-Historical-Society_1.jpg
http://data.europeana.eu/concept/base/107,http://commons.wikimedia.org/wiki/Special:FilePath/Franz_Anton_Bustelli_Liebesgruppe_1756-4.jpg
http://data.europeana.eu/concept/base/108,http://en.wikipedia.org/wiki/Special:FilePath/The_Elephant_Celebes.jpg
http://data.europeana.eu/concept/base/109,
http://data.europeana.eu/concept/base/11,
http://data.europeana.eu/concept/base/110,http://en.wikipedia.org/wiki/Special:FilePath/Barnum_&_Bailey_clowns_and_geese2.jpg
http://data.europeana.eu/concept/base/111,http://commons.wikimedia.org/wiki/Special:FilePath/Two_dancers.jpg
http://data.europeana.eu/concept/base/112,http://en.wikipedia.org/wiki/Special:FilePath/Bernhardt_Hamlet2.jpg
http://data.europeana.eu/concept/base/113,http://commons.wikimedia.org/wiki/Special:FilePath/Tug-of-war.jpg
http://data.europeana.eu/concept/base/114,http://commons.wikimedia.org/wiki/Special:FilePath/Youth-soccer-indiana.jpg
http://data.europeana.eu/concept/base/115,http://commons.wikimedia.org/wiki/Special:FilePath/Arcade-20071020-a.jpg
http://data.europeana.eu/concept/base/116,http://commons.wikimedia.org/wiki/Special:FilePath/P_human_body.svg
http://data.europeana.eu/concept/base/117,"http://commons.wikimedia.org/wiki/Special:FilePath/Drei_Frauen_am_Pranger,_China,_Anonym,_um_1875.jpg"
http://data.europeana.eu/concept/base/118,
http://data.europeana.eu/concept/base/119,http://commons.wikimedia.org/wiki/Special:FilePath/Countries_by_Real_GDP_Growth_Rate_(2014).svg
http://data.europeana.eu/concept/base/12,
http://data.europeana.eu/concept/base/120,http://commons.wikimedia.org/wiki/Special:FilePath/FBE_CTU_lecture.jpg
http://data.europeana.eu/concept/base/121,http://commons.wikimedia.org/wiki/Special:FilePath/AFKollar_1779.jpg
http://data.europeana.eu/concept/base/122,http://commons.wikimedia.org/wiki/Special:FilePath/8marchrallydhaka_(55).JPG
http://data.europeana.eu/concept/base/123,"http://en.wikipedia.org/wiki/Special:FilePath/Deal_Hoodeners,_1909.jpg"
http://data.europeana.eu/concept/base/124,http://commons.wikimedia.org/wiki/Special:FilePath/Good_Food_Display_-_NCI_Visuals_Online.jpg
http://data.europeana.eu/concept/base/125,http://commons.wikimedia.org/wiki/Special:FilePath/Sex_GLBT_olympics.svg
http://data.europeana.eu/concept/base/126,http://commons.wikimedia.org/wiki/Special:FilePath/900-158_Ahnentafel_Herzog_Ludwig.jpg
http://data.europeana.eu/concept/base/127,
http://data.europeana.eu/concept/base/128,http://commons.wikimedia.org/wiki/Special:FilePath/Net_migration_rate_world.PNG
http://data.europeana.eu/concept/base/129,http://commons.wikimedia.org/wiki/Special:FilePath/Maddison_GDP_per_capita_1500-1950.svg
http://data.europeana.eu/concept/base/13,http://commons.wikimedia.org/wiki/Special:FilePath/Guide_book-旅行ガイドブックPA024792.jpg
http://data.europeana.eu/concept/base/130,http://commons.wikimedia.org/wiki/Special:FilePath/Palco_BolognaPride08.jpg
http://data.europeana.eu/concept/base/131,http://commons.wikimedia.org/wiki/Special:FilePath/Psi2.svg
http://data.europeana.eu/concept/base/132,http://commons.wikimedia.org/wiki/Special:FilePath/The_Normal_Distribution.svg
http://data.europeana.eu/concept/base/133,http://commons.wikimedia.org/wiki/Special:FilePath/David_-_Napoleon_crossing_the_Alps_-_Malmaison1.jpg
http://data.europeana.eu/concept/base/134,http://commons.wikimedia.org/wiki/Special:FilePath/Chvojnica_hills_near_Unin.jpg
http://data.europeana.eu/concept/base/135,http://commons.wikimedia.org/wiki/Special:FilePath/Alchemy_of_Happiness.png
http://data.europeana.eu/concept/base/136,
http://data.europeana.eu/concept/base/137,http://commons.wikimedia.org/wiki/Special:FilePath/Vesalius-copy.jpg
http://data.europeana.eu/concept/base/138,http://commons.wikimedia.org/wiki/Special:FilePath/Marcantonio_Raimondi_-_Two_Women_with_the_Signs_of_Libra_and_Scorpio.jpg
http://data.europeana.eu/concept/base/139,http://en.wikipedia.org/wiki/Special:FilePath/LH_95.jpg
http://data.europeana.eu/concept/base/14,http://commons.wikimedia.org/wiki/Special:FilePath/Inkunabel.ValMax.001.jpg
http://data.europeana.eu/concept/base/140,http://commons.wikimedia.org/wiki/Special:FilePath/EscherichiaColi_NIAID.jpg
http://data.europeana.eu/concept/base/141,http://commons.wikimedia.org/wiki/Special:FilePath/Chemicals_in_flasks.jpg
http://data.europeana.eu/concept/base/142,http://commons.wikimedia.org/wiki/Special:FilePath/ClimateMap_World.png
http://data.europeana.eu/concept/base/143,http://commons.wikimedia.org/wiki/Special:FilePath/Lambda_lc.svg
http://data.europeana.eu/concept/base/144,http://commons.wikimedia.org/wiki/Special:FilePath/GI_at_Guantanamo_visits_the_dentist.JPG
http://data.europeana.eu/concept/base/145,http://commons.wikimedia.org/wiki/Special:FilePath/Mycobacterium_tuberculosis.jpg
http://data.europeana.eu/concept/base/146,http://en.wikipedia.org/wiki/Special:FilePath/The_Earth_seen_from_Apollo_17.jpg
http://data.europeana.eu/concept/base/147,http://commons.wikimedia.org/wiki/Special:FilePath/LeafInsect.jpg
http://data.europeana.eu/concept/base/148,http://commons.wikimedia.org/wiki/Special:FilePath/BlueMarble-2001-2002.jpg
http://data.europeana.eu/concept/base/149,http://commons.wikimedia.org/wiki/Special:FilePath/Forstarbeiten_in_Österreich.JPG
http://data.europeana.eu/concept/base/15,http://commons.wikimedia.org/wiki/Special:FilePath/Adeste_Fideles_sheet_music_sample.svg
http://data.europeana.eu/concept/base/150,http://commons.wikimedia.org/wiki/Special:FilePath/Joda_paleontologist.jpg
http://data.europeana.eu/concept/base/151,http://commons.wikimedia.org/wiki/Special:FilePath/World_map_2004_CIA_large_1.7m_whitespace_removed.jpg
http://data.europeana.eu/concept/base/152,http://commons.wikimedia.org/wiki/Special:FilePath/Rock_cycle.gif
http://data.europeana.eu/concept/base/153,http://commons.wikimedia.org/wiki/Special:FilePath/Euclid.jpg
http://data.europeana.eu/concept/base/154,http://commons.wikimedia.org/wiki/Special:FilePath/Three_early_medicine_bottles.jpg
http://data.europeana.eu/concept/base/155,http://commons.wikimedia.org/wiki/Special:FilePath/AlpineRainbow.jpg
http://data.europeana.eu/concept/base/156,"http://commons.wikimedia.org/wiki/Special:FilePath/Table_of_Natural_History,_Cyclopaedia,_Volume_2.jpg"
http://data.europeana.eu/concept/base/157,http://commons.wikimedia.org/wiki/Special:FilePath/Nursing_baby.jpg
http://data.europeana.eu/concept/base/158,http://commons.wikimedia.org/wiki/Special:FilePath/Thermohaline_Circulation_2.png
http://data.europeana.eu/concept/base/159,http://commons.wikimedia.org/wiki/Special:FilePath/Poster_%22Stop_microbes_use_good_hygiene%22.jpg
http://data.europeana.eu/concept/base/16,
http://data.europeana.eu/concept/base/160,http://commons.wikimedia.org/wiki/Special:FilePath/Pharmacologyprism.jpg
http://data.europeana.eu/concept/base/161,http://commons.wikimedia.org/wiki/Special:FilePath/CollageFisica.jpg
http://data.europeana.eu/concept/base/162,http://commons.wikimedia.org/wiki/Special:FilePath/Claude_Bernard_and_his_pupils._Oil_painting_after_Léon-Augus_Wellcome_V0017769.jpg
http://data.europeana.eu/concept/base/163,http://commons.wikimedia.org/wiki/Special:FilePath/Myris_fragr_Fr_080112-3294_ltn.jpg
http://data.europeana.eu/concept/base/164,http://commons.wikimedia.org/wiki/Special:FilePath/Salk_headlines.jpg
http://data.europeana.eu/concept/base/165,
http://data.europeana.eu/concept/base/166,http://commons.wikimedia.org/wiki/Special:FilePath/USArmyTrauma.jpg
http://data.europeana.eu/concept/base/167,
http://data.europeana.eu/concept/base/168,http://commons.wikimedia.org/wiki/Special:FilePath/Veterinary_Outreach_Hawaye_Kebele_Ethiopia.jpg
http://data.europeana.eu/concept/base/169,http://commons.wikimedia.org/wiki/Special:FilePath/Gessner_Conrad_1516-1565.jpg
http://data.europeana.eu/concept/base/17,http://commons.wikimedia.org/wiki/Special:FilePath/Codex_Bruchsal_1_68r.jpg
http://data.europeana.eu/concept/base/170,http://commons.wikimedia.org/wiki/Special:FilePath/Claas-lexion-570-1.jpg
http://data.europeana.eu/concept/base/171,http://commons.wikimedia.org/wiki/Special:FilePath/Cattle%20and%20sheep.jpg
http://data.europeana.eu/concept/base/172,
http://data.europeana.eu/concept/base/173,
http://data.europeana.eu/concept/base/174,"http://commons.wikimedia.org/wiki/Special:FilePath/Viaduct_in_Puxi,_Shanghai.jpg"
http://data.europeana.eu/concept/base/175,http://commons.wikimedia.org/wiki/Special:FilePath/Babbage_Difference_Engine_(Being_utilised).jpg
http://data.europeana.eu/concept/base/176,http://commons.wikimedia.org/wiki/Special:FilePath/Arduino_ftdi_chip-1.jpg
http://data.europeana.eu/concept/base/177,http://commons.wikimedia.org/wiki/Special:FilePath/Lightning_over_Oradea_Romania_zoom.jpg
http://data.europeana.eu/concept/base/178,http://commons.wikimedia.org/wiki/Special:FilePath/Maquina_vapor_Watt_ETSIIM.jpg
http://data.europeana.eu/concept/base/179,http://commons.wikimedia.org/wiki/Special:FilePath/Hydraulic_Flood_Retention_Basin.jpg
http://data.europeana.eu/concept/base/18,http://commons.wikimedia.org/wiki/Special:FilePath/NYTimes-Page1-11-11-1918.jpg
http://data.europeana.eu/concept/base/180,http://commons.wikimedia.org/wiki/Special:FilePath/Modern_warehouse_with_pallet_rack_storage_system.jpg
http://data.europeana.eu/concept/base/181,http://commons.wikimedia.org/wiki/Special:FilePath/Robocrane_Project.jpg
http://data.europeana.eu/concept/base/182,
http://data.europeana.eu/concept/base/183,http://commons.wikimedia.org/wiki/Special:FilePath/Grondplan_citadel_Lille.JPG
http://data.europeana.eu/concept/base/184,"http://commons.wikimedia.org/wiki/Special:FilePath/Table_of_Geography_and_Hydrography,_Cyclopaedia,_Volume_1.jpg"
http://data.europeana.eu/concept/base/185,http://commons.wikimedia.org/wiki/Special:FilePath/Shadow_Hand_Bulb_large.jpg
http://data.europeana.eu/concept/base/186,http://commons.wikimedia.org/wiki/Special:FilePath/Amerigo_vespucci_1976_nyc_aufgetakelt.jpg
http://data.europeana.eu/concept/base/187,http://commons.wikimedia.org/wiki/Special:FilePath/BW_Fjord_an_Glameyer_Stack_2007-12-15.JPG
http://data.europeana.eu/concept/base/188,http://commons.wikimedia.org/wiki/Special:FilePath/Strip_coal_mining.jpg
http://data.europeana.eu/concept/base/189,http://commons.wikimedia.org/wiki/Special:FilePath/Light_dispersion_of_a_mercury-vapor_lamp_with_a_flint_glass_prism_IPNr°0125.jpg
http://data.europeana.eu/concept/base/19,http://en.wikipedia.org/wiki/Special:FilePath/Girl_with_a_Basket_of_Pamphlets.jpg
http://data.europeana.eu/concept/base/190,http://commons.wikimedia.org/wiki/Special:FilePath/Art-portrait-collage_2.jpg
http://data.europeana.eu/concept/base/191,http://en.wikipedia.org/wiki/Special:FilePath/Rembrandt_van_rijn-self_portrait.jpg
http://data.europeana.eu/concept/base/192,"http://commons.wikimedia.org/wiki/Special:FilePath/Lotharkreuz,_Kaiserseite,_Aachener_Dom,_Juni_2008.jpg"
http://data.europeana.eu/concept/base/193,http://commons.wikimedia.org/wiki/Special:FilePath/Venus_de_Milo_Louvre_Ma399_n4.jpg
http://data.europeana.eu/concept/base/194,"http://en.wikipedia.org/wiki/Special:FilePath/Vincent_van_Gogh_-_The_Church_in_Auvers-sur-Oise,_View_from_the_Chevet_-_Google_Art_Project.jpg"
http://data.europeana.eu/concept/base/195,http://commons.wikimedia.org/wiki/Special:FilePath/Cups2.png
http://data.europeana.eu/concept/base/196,http://commons.wikimedia.org/wiki/Special:FilePath/Rembrandt_The_Three_Crosses_1653.jpg
http://data.europeana.eu/concept/base/197,http://commons.wikimedia.org/wiki/Special:FilePath/Alfred_Stieglitz_(American_-_The_Steerage_-_Google_Art_Project.jpg
http://data.europeana.eu/concept/base/198,http://commons.wikimedia.org/wiki/Special:FilePath/Mice-burying-the-cat.jpg
http://data.europeana.eu/concept/base/199,"http://commons.wikimedia.org/wiki/Special:FilePath/Potter_working,_Bangalore_India.jpg"
http://data.europeana.eu/concept/base/20,http://commons.wikimedia.org/wiki/Special:FilePath/US_Patent_cover.jpg
http://data.europeana.eu/concept/base/200,http://commons.wikimedia.org/wiki/Special:FilePath/Dish_(Pan)_with_Dragon_amid_Clouds_LACMA_M.83.148.1.jpg
http://data.europeana.eu/concept/base/201,http://commons.wikimedia.org/wiki/Special:FilePath/Parmigianino_003b.jpg
http://data.europeana.eu/concept/base/202,http://commons.wikimedia.org/wiki/Special:FilePath/The_Calling_of_Saint_Matthew-Caravaggo_(1599-1600).jpg
http://data.europeana.eu/concept/base/203,http://commons.wikimedia.org/wiki/Special:FilePath/Maria_laach_teufel_schriftrolle.jpg
http://data.europeana.eu/concept/base/204,"http://commons.wikimedia.org/wiki/Special:FilePath/Anonymous_Venetian_orientalist_painting,_The_Reception_of_the_Ambassadors_in_Damascus',_1511,_the_Louvre.jpg"
http://data.europeana.eu/concept/base/205,http://commons.wikimedia.org/wiki/Special:FilePath/Cenral_tympanum_Chartres.jpg
http://data.europeana.eu/concept/base/206,http://commons.wikimedia.org/wiki/Special:FilePath/Roman_fresco_Villa_dei_Misteri_Pompeii_009.jpg
http://data.europeana.eu/concept/base/207,http://commons.wikimedia.org/wiki/Special:FilePath/Christ_Pantocrator_Deesis_mosaic_Hagia_Sophia.jpg
http://data.europeana.eu/concept/base/208,http://commons.wikimedia.org/wiki/Special:FilePath/Atauriques.jpg
http://data.europeana.eu/concept/base/209,http://commons.wikimedia.org/wiki/Special:FilePath/Metallurgical_diffusion.png
http://data.europeana.eu/concept/base/21,http://commons.wikimedia.org/wiki/Special:FilePath/PLoS_Biology_cover_April_2009.svg
http://data.europeana.eu/concept/base/210,
http://data.europeana.eu/concept/base/211,http://commons.wikimedia.org/wiki/Special:FilePath/Néolithique_0001.jpg
http://data.europeana.eu/concept/base/212,http://commons.wikimedia.org/wiki/Special:FilePath/Glyptodon_old_drawing.jpg
http://data.europeana.eu/concept/base/213,http://commons.wikimedia.org/wiki/Special:FilePath/Spqrstone.jpg
http://data.europeana.eu/concept/base/214,http://commons.wikimedia.org/wiki/Special:FilePath/Psyche_revived_Louvre_MR1777.jpg
http://data.europeana.eu/concept/base/215,http://commons.wikimedia.org/wiki/Special:FilePath/Jan_Bruegel_d._Ä._007.jpg
http://data.europeana.eu/concept/base/216,http://commons.wikimedia.org/wiki/Special:FilePath/B_Song_Dynasty_Cao_Empress_Sitting_with_Maids.JPG
http://data.europeana.eu/concept/base/217,
http://data.europeana.eu/concept/base/218,http://commons.wikimedia.org/wiki/Special:FilePath/Golden_Apple_of_Discord_by_Jacob_Jordaens.jpg
http://data.europeana.eu/concept/base/219,http://commons.wikimedia.org/wiki/Special:FilePath/Hendrik_Frans_van_Lint_-_Rome_-_A_View_of_the_Tiber_-_WGA13056.jpg
http://data.europeana.eu/concept/base/22,http://commons.wikimedia.org/wiki/Special:FilePath/Screenplay_example.svg
http://data.europeana.eu/concept/base/220,http://commons.wikimedia.org/wiki/Special:FilePath/Rembrandt_Christ_in_the_Storm_on_the_Lake_of_Galilee.jpg
http://data.europeana.eu/concept/base/221,http://en.wikipedia.org/wiki/Special:FilePath/Dolceacqua43_-_Artista_locale_mentre_dipinge_un_acquarello.jpg
http://data.europeana.eu/concept/base/222,"http://en.wikipedia.org/wiki/Special:FilePath/Mona_Lisa,_by_Leonardo_da_Vinci,_from_C2RMF_retouched.jpg"
http://data.europeana.eu/concept/base/223,http://commons.wikimedia.org/wiki/Special:FilePath/Duccio_The-Madonna-and-Child-128.jpg
http://data.europeana.eu/concept/base/224,http://commons.wikimedia.org/wiki/Special:FilePath/Commercial_pastels.JPG
http://data.europeana.eu/concept/base/225,
http://data.europeana.eu/concept/base/226,http://commons.wikimedia.org/wiki/Special:FilePath/Pine_Trees.jpg
http://data.europeana.eu/concept/base/227,http://commons.wikimedia.org/wiki/Special:FilePath/Mariae_Verkuendigung_Fuchstal_Fresko_Magnifikat_1.JPG
http://data.europeana.eu/concept/base/228,http://commons.wikimedia.org/wiki/Special:FilePath/Gouache.jpg
http://data.europeana.eu/concept/base/229,http://commons.wikimedia.org/wiki/Special:FilePath/Medallion_St_Demetrios_Louvre_OA6457.jpg
http://data.europeana.eu/concept/base/23,http://commons.wikimedia.org/wiki/Special:FilePath/1721_PhD_Ceremony_at_Leiden_University.jpg
http://data.europeana.eu/concept/base/230,http://commons.wikimedia.org/wiki/Special:FilePath/Imari_porcelain_bowl_Japan_circa_1640.jpg
http://data.europeana.eu/concept/base/231,http://commons.wikimedia.org/wiki/Special:FilePath/Black_Raku_Tea_Bowl.jpg
http://data.europeana.eu/concept/base/232,http://commons.wikimedia.org/wiki/Special:FilePath/Kokei's_dog_shaped_netsuke.jpg
http://data.europeana.eu/concept/base/233,http://commons.wikimedia.org/wiki/Special:FilePath/Okimono.jpg
http://data.europeana.eu/concept/base/234,http://commons.wikimedia.org/wiki/Special:FilePath/Takako_Kusumoto.jpg
http://data.europeana.eu/concept/base/235,http://commons.wikimedia.org/wiki/Special:FilePath/Classical_music_composers_montage.JPG
http://data.europeana.eu/concept/base/236,http://commons.wikimedia.org/wiki/Special:FilePath/Adolph_Menzel_-_Flötenkonzert_Friedrichs_des_Großen_in_Sanssouci_-_Google_Art_Project.jpg
http://data.europeana.eu/concept/base/237,"http://commons.wikimedia.org/wiki/Special:FilePath/8th_symphony_of_Mahler,_Kölner_Philharmonie,_27-6-2009.JPG"
http://data.europeana.eu/concept/base/238,http://en.wikipedia.org/wiki/Special:FilePath/Beethoven_opus_101_manuscript.jpg
http://data.europeana.eu/concept/base/239,
http://data.europeana.eu/concept/base/24,http://commons.wikimedia.org/wiki/Special:FilePath/Papyrus.jpg
http://data.europeana.eu/concept/base/240,http://commons.wikimedia.org/wiki/Special:FilePath/Ricercare_a_6_from_The_Musical_Offering.jpg
http://data.europeana.eu/concept/base/241,
http://data.europeana.eu/concept/base/242,
http://data.europeana.eu/concept/base/243,http://commons.wikimedia.org/wiki/Special:FilePath/Pinelli_Saltarello.JPG
http://data.europeana.eu/concept/base/244,
http://data.europeana.eu/concept/base/245,http://commons.wikimedia.org/wiki/Special:FilePath/Galliard.jpg
http://data.europeana.eu/concept/base/246,http://commons.wikimedia.org/wiki/Special:FilePath/Pietro_Bembo_-_Titian.jpg
http://data.europeana.eu/concept/base/247,http://commons.wikimedia.org/wiki/Special:FilePath/The_Atlanta_Opera_Lucia_di_Lammermoor_finale.jpg
http://data.europeana.eu/concept/base/248,http://commons.wikimedia.org/wiki/Special:FilePath/L%27elisir%20d%27amore%2010%202013.jpg
http://data.europeana.eu/concept/base/249,
http://data.europeana.eu/concept/base/25,http://commons.wikimedia.org/wiki/Special:FilePath/LYablonskyFilipovkaKurganR1.jpg
http://data.europeana.eu/concept/base/250,http://commons.wikimedia.org/wiki/Special:FilePath/Bach's_Ricercar_subject.PNG
http://data.europeana.eu/concept/base/251,
http://data.europeana.eu/concept/base/252,
http://data.europeana.eu/concept/base/253,
http://data.europeana.eu/concept/base/254,
http://data.europeana.eu/concept/base/255,http://commons.wikimedia.org/wiki/Special:FilePath/Gavotte_Dance.jpg
http://data.europeana.eu/concept/base/256,http://commons.wikimedia.org/wiki/Special:FilePath/Gigue_dance_pattern_1.png
http://data.europeana.eu/concept/base/257,http://commons.wikimedia.org/wiki/Special:FilePath/Minuet_(PSF).png
http://data.europeana.eu/concept/base/258,
http://data.europeana.eu/concept/base/259,
http://data.europeana.eu/concept/base/26,http://commons.wikimedia.org/wiki/Special:FilePath/Mycenaean_stirrup_vase_Louvre_AO19201.jpg
http://data.europeana.eu/concept/base/260,http://commons.wikimedia.org/wiki/Special:FilePath/Storace-passacaglia-facsimile.png
http://data.europeana.eu/concept/base/261,
http://data.europeana.eu/concept/base/262,http://commons.wikimedia.org/wiki/Special:FilePath/Zarabanda_de_la_partie_III_de_la_Neue_Clavierübung_de_Johan_Kuhnau.jpg
http://data.europeana.eu/concept/base/263,http://commons.wikimedia.org/wiki/Special:FilePath/Bagatelle.jpg
http://data.europeana.eu/concept/base/264,http://commons.wikimedia.org/wiki/Special:FilePath/Degas-_La_classe_de_danse_1874.jpg
http://data.europeana.eu/concept/base/265,
http://data.europeana.eu/concept/base/266,http://commons.wikimedia.org/wiki/Special:FilePath/Franz_Schubert_c1827.jpg
http://data.europeana.eu/concept/base/267,http://commons.wikimedia.org/wiki/Special:FilePath/Mazurka_dance_pattern.png
http://data.europeana.eu/concept/base/268,http://commons.wikimedia.org/wiki/Special:FilePath/Polonaise-rhythm.png
http://data.europeana.eu/concept/base/269,http://commons.wikimedia.org/wiki/Special:FilePath/String_quartet.JPG
http://data.europeana.eu/concept/base/27,http://commons.wikimedia.org/wiki/Special:FilePath/Relieur_JPG01.jpg
http://data.europeana.eu/concept/base/270,
http://data.europeana.eu/concept/base/271,http://commons.wikimedia.org/wiki/Special:FilePath/Bulla-Ferdinant.jpg
http://data.europeana.eu/concept/base/272,
http://data.europeana.eu/concept/base/273,
http://data.europeana.eu/concept/base/274,
http://data.europeana.eu/concept/base/275,
http://data.europeana.eu/concept/base/276,http://commons.wikimedia.org/wiki/Special:FilePath/Phenakistoscope_3g07690d.gif
http://data.europeana.eu/concept/base/277,http://en.wikipedia.org/wiki/Special:FilePath/Libretto_Cover_Andrea_Chenier.jpg
http://data.europeana.eu/concept/base/278,http://commons.wikimedia.org/wiki/Special:FilePath/Bachlut1.gif
http://data.europeana.eu/concept/base/28,
http://data.europeana.eu/concept/base/29,http://commons.wikimedia.org/wiki/Special:FilePath/HôtelDeVille.jpg
http://data.europeana.eu/concept/base/30,http://commons.wikimedia.org/wiki/Special:FilePath/Dr._Seuss_WikiWorld.png
http://data.europeana.eu/concept/base/31,http://commons.wikimedia.org/wiki/Special:FilePath/Blue_and_white_vase_Jingdezhen_Ming_Yongle_1403_1424.jpg
http://data.europeana.eu/concept/base/32,"http://commons.wikimedia.org/wiki/Special:FilePath/Bayerische_Landes-Industrie-,_Gewerbe-_und_Kunst-Ausstellung_Nürnberg_1882,_Bildpostkarte,_Foto_Lichtdruck_Johann_Baptist_Obernetter.jpg"
http://data.europeana.eu/concept/base/33,"http://commons.wikimedia.org/wiki/Special:FilePath/A.D._800,_Franks_-_027_-_Costumes_of_All_Nations_(1882).JPG"
http://data.europeana.eu/concept/base/34,http://commons.wikimedia.org/wiki/Special:FilePath/Louis_Daguerre_2.jpg
http://data.europeana.eu/concept/base/35,http://commons.wikimedia.org/wiki/Special:FilePath/Rembrandt-A-Lion-Lying-Down-207063_detail.jpg
http://data.europeana.eu/concept/base/36,http://commons.wikimedia.org/wiki/Special:FilePath/Dürer-Hieronymus-im-Gehäus.jpg
http://data.europeana.eu/concept/base/37,http://commons.wikimedia.org/wiki/Special:FilePath/Dining_table_for_two.jpg
http://data.europeana.eu/concept/base/38,http://commons.wikimedia.org/wiki/Special:FilePath/Hyghalmen_Roll_Late_1400s.jpg
http://data.europeana.eu/concept/base/39,http://commons.wikimedia.org/wiki/Special:FilePath/AberdeenBestiaryFolio004vChristInMajesty.jpg
http://data.europeana.eu/concept/base/40,http://commons.wikimedia.org/wiki/Special:FilePath/Wilcox.jpg
http://data.europeana.eu/concept/base/41,http://commons.wikimedia.org/wiki/Special:FilePath/Amber.pendants.800pix.050203.jpg
http://data.europeana.eu/concept/base/42,http://en.wikipedia.org/wiki/Special:FilePath/Charles_Marion_Russell_-_The_Custer_Fight_(1903).jpg
http://data.europeana.eu/concept/base/43,
http://data.europeana.eu/concept/base/44,http://commons.wikimedia.org/wiki/Special:FilePath/Harvest_Moon_rises_over_Washington.jpg
http://data.europeana.eu/concept/base/45,http://commons.wikimedia.org/wiki/Special:FilePath/Mosaic01.jpg
http://data.europeana.eu/concept/base/46,http://commons.wikimedia.org/wiki/Special:FilePath/Attributes_of_Music.jpg
http://data.europeana.eu/concept/base/47,"http://en.wikipedia.org/wiki/Special:FilePath/Mona_Lisa,_by_Leonardo_da_Vinci,_from_C2RMF_retouched.jpg"
http://data.europeana.eu/concept/base/48,http://commons.wikimedia.org/wiki/Special:FilePath/Nicéphore_Niépce_Oldest_Photograph_1825.jpg
http://data.europeana.eu/concept/base/49,"http://en.wikipedia.org/wiki/Special:FilePath/Flickr_-_…trialsanderrors_-_Madam_Ada_Castello_and_Jupiter,_poster_for_Ringling_Brothers,_ca._1899.jpg"
http://data.europeana.eu/concept/base/5,http://commons.wikimedia.org/wiki/Special:FilePath/LaBelle_Blueprint.jpg
http://data.europeana.eu/concept/base/50,http://commons.wikimedia.org/wiki/Special:FilePath/Burns_on_Ayr_Postcard_1899.jpg
http://data.europeana.eu/concept/base/51,http://commons.wikimedia.org/wiki/Special:FilePath/Dying_gaul.jpg
http://data.europeana.eu/concept/base/52,http://commons.wikimedia.org/wiki/Special:FilePath/Adeste_Fideles_sheet_music_sample.svg
http://data.europeana.eu/concept/base/53,http://commons.wikimedia.org/wiki/Special:FilePath/Chartres_-_cathédrale_-_rosace_nord.jpg
http://data.europeana.eu/concept/base/54,http://commons.wikimedia.org/wiki/Special:FilePath/The_Hunt_of_the_Unicorn_Tapestry_1.jpg
http://data.europeana.eu/concept/base/55,http://commons.wikimedia.org/wiki/Special:FilePath/Karachi_-_Pakistan-market.jpg
http://data.europeana.eu/concept/base/56,http://commons.wikimedia.org/wiki/Special:FilePath/Wooden_toys.JPG
http://data.europeana.eu/concept/base/57,http://commons.wikimedia.org/wiki/Special:FilePath/Watermarks_20_Euro.jpg
http://data.europeana.eu/concept/base/58,http://commons.wikimedia.org/wiki/Special:FilePath/Albrecht_Dürer_-_The_Four_Horsemen_(NGA_1979.39.1).jpg
http://data.europeana.eu/concept/base/59,http://commons.wikimedia.org/wiki/Special:FilePath/Woodcarvings_of_cranes.jpg
http://data.europeana.eu/concept/base/6,http://commons.wikimedia.org/wiki/Special:FilePath/Book_Collage.png
http://data.europeana.eu/concept/base/60,http://commons.wikimedia.org/wiki/Special:FilePath/BolexH16.jpg
http://data.europeana.eu/concept/base/61,
http://data.europeana.eu/concept/base/62,http://commons.wikimedia.org/wiki/Special:FilePath/Music_lesson_Staatliche_Antikensammlungen_2421.jpg
http://data.europeana.eu/concept/base/63,http://commons.wikimedia.org/wiki/Special:FilePath/Various_hard_sound_effects_devices.JPG
http://data.europeana.eu/concept/base/64,http://commons.wikimedia.org/wiki/Special:FilePath/Washington_Constitutional_Convention_1787.jpg
http://data.europeana.eu/concept/base/65,
http://data.europeana.eu/concept/base/66,http://commons.wikimedia.org/wiki/Special:FilePath/Statua_Iustitiae.jpg
http://data.europeana.eu/concept/base/67,http://commons.wikimedia.org/wiki/Special:FilePath/Traktat_brzeski_1918.jpg
http://data.europeana.eu/concept/base/68,http://commons.wikimedia.org/wiki/Special:FilePath/Library-shelves-bibliographies-Graz.jpg
http://data.europeana.eu/concept/base/69,http://commons.wikimedia.org/wiki/Special:FilePath/Plutarchs_Lives_Vol_the_Third_1727.jpg
http://data.europeana.eu/concept/base/7,http://commons.wikimedia.org/wiki/Special:FilePath/Schriftzug_Urkunde.jpg
http://data.europeana.eu/concept/base/70,http://commons.wikimedia.org/wiki/Special:FilePath/Drama-icon.svg
http://data.europeana.eu/concept/base/71,http://commons.wikimedia.org/wiki/Special:FilePath/Fernande_(vintage_nude_photo).jpg
http://data.europeana.eu/concept/base/72,http://commons.wikimedia.org/wiki/Special:FilePath/Cat_guarding_geese_c1120_BC_Egypt.jpg
http://data.europeana.eu/concept/base/73,http://commons.wikimedia.org/wiki/Special:FilePath/Habsburg_Emperor_death_head_dsc01325.jpg
http://data.europeana.eu/concept/base/74,http://commons.wikimedia.org/wiki/Special:FilePath/Walden_Thoreau.jpg
http://data.europeana.eu/concept/base/75,http://commons.wikimedia.org/wiki/Special:FilePath/Iris%20and%20Jupiter.jpg
http://data.europeana.eu/concept/base/76,http://commons.wikimedia.org/wiki/Special:FilePath/Aristoteles_Louvre.jpg
http://data.europeana.eu/concept/base/77,http://commons.wikimedia.org/wiki/Special:FilePath/Dionysos_mask_Louvre_Myr347.jpg
http://data.europeana.eu/concept/base/78,http://commons.wikimedia.org/wiki/Special:FilePath/Tragic_comic_masks_-_roman_mosaic.jpg
http://data.europeana.eu/concept/base/79,http://commons.wikimedia.org/wiki/Special:FilePath/Gyzis_006_(Ηistoria).jpeg
http://data.europeana.eu/concept/base/8,http://commons.wikimedia.org/wiki/Special:FilePath/CalasChapbook.jpg
http://data.europeana.eu/concept/base/80,http://commons.wikimedia.org/wiki/Special:FilePath/Lousonna01.JPG
http://data.europeana.eu/concept/base/81,http://commons.wikimedia.org/wiki/Special:FilePath/JuengeresMathildenkreuz.jpg
http://data.europeana.eu/concept/base/82,
http://data.europeana.eu/concept/base/83,http://commons.wikimedia.org/wiki/Special:FilePath/Map_Europe_alliances_1914-en.svg
http://data.europeana.eu/concept/base/84,http://commons.wikimedia.org/wiki/Special:FilePath/Religion%20collage%20%28large%29.jpg
http://data.europeana.eu/concept/base/85,http://commons.wikimedia.org/wiki/Special:FilePath/Gandhara_Buddha_(tnm).jpeg
http://data.europeana.eu/concept/base/86,http://commons.wikimedia.org/wiki/Special:FilePath/Nicaea_icon.jpg
http://data.europeana.eu/concept/base/87,http://commons.wikimedia.org/wiki/Special:FilePath/Om%20symbol.svg
http://data.europeana.eu/concept/base/88,http://commons.wikimedia.org/wiki/Special:FilePath/Kaaba_at_night.jpg
http://data.europeana.eu/concept/base/89,http://commons.wikimedia.org/wiki/Special:FilePath/Judaica.jpg
http://data.europeana.eu/concept/base/9,http://commons.wikimedia.org/wiki/Special:FilePath/English-English_and_English-Persian_dictionaries.JPG
http://data.europeana.eu/concept/base/90,http://commons.wikimedia.org/wiki/Special:FilePath/Khagdaev1.JPG
http://data.europeana.eu/concept/base/91,http://commons.wikimedia.org/wiki/Special:FilePath/Talisman_de_Charlemagne_Tau.jpg
http://data.europeana.eu/concept/base/92,
http://data.europeana.eu/concept/base/93,http://commons.wikimedia.org/wiki/Special:FilePath/Flora_OR_-_aerial.jpg
http://data.europeana.eu/concept/base/94,http://commons.wikimedia.org/wiki/Special:FilePath/View_of_Santa_Maria_del_Fiore_in_Florence.jpg
http://data.europeana.eu/concept/base/95,"http://commons.wikimedia.org/wiki/Special:FilePath/Chrysler_Building_spire,_Manhattan,_by_Carol_Highsmith_(LOC_highsm.04444).png"
http://data.europeana.eu/concept/base/96,http://commons.wikimedia.org/wiki/Special:FilePath/Tischlampe_Schleiertänzerin_BNM.jpg
http://data.europeana.eu/concept/base/97,http://commons.wikimedia.org/wiki/Special:FilePath/MOCA_North_Miami.jpg
http://data.europeana.eu/concept/base/98,"http://en.wikipedia.org/wiki/Special:FilePath/Pablo_Picasso,_1910,_Girl_with_a_Mandolin_(Fanny_Tellier),_oil_on_canvas,_100.3_x_73.6_cm,_Museum_of_Modern_Art_New_York..jpg"
http://data.europeana.eu/concept/base/99,"http://en.wikipedia.org/wiki/Special:FilePath/Francis_Picabia,_Dame!_Illustration_for_the_cover_of_the_periodical_Dadaphone_n._7,_Paris,_March_1920.jpg"
